{
  "timestamp": "2026-01-21 13:28:02",
  "baseline_time": 0.9775669574737549,
  "reranked_time": 2.7085204124450684,
  "baseline_metrics": {
    "mrr": 0.09666666666666666,
    "map": 0.03326315789473684,
    "recall_at_k": {
      "1": 0.0,
      "3": 0.0,
      "5": 0.09,
      "10": 0.09,
      "20": 0.22000000000000003
    },
    "ndcg_at_k": {
      "1": 0.0,
      "3": 0.0,
      "5": 0.05644493914802941,
      "10": 0.05644493914802941,
      "20": 0.11117163800344057
    }
  },
  "reranked_metrics": {
    "mrr": 0.2642857142857143,
    "map": 0.07374603174603175,
    "recall_at_k": {
      "1": 0.05,
      "3": 0.05,
      "5": 0.09,
      "10": 0.09,
      "20": 0.22000000000000003
    },
    "ndcg_at_k": {
      "1": 0.2,
      "3": 0.09385574520455128,
      "5": 0.10728967996696163,
      "10": 0.10728967996696163,
      "20": 0.15998963415155862
    }
  },
  "improvements": {
    "mrr": {
      "baseline": 0.09666666666666666,
      "improved": 0.2642857142857143,
      "delta": 0.1676190476190476,
      "pct_change": 173.39901477832512
    },
    "map": {
      "baseline": 0.03326315789473684,
      "improved": 0.07374603174603175,
      "delta": 0.04048287385129491,
      "pct_change": 121.70484227446255
    },
    "recall@1": {
      "baseline": 0.0,
      "improved": 0.05,
      "delta": 0.05,
      "pct_change": 0.0
    },
    "ndcg@1": {
      "baseline": 0.0,
      "improved": 0.2,
      "delta": 0.2,
      "pct_change": 0.0
    },
    "recall@3": {
      "baseline": 0.0,
      "improved": 0.05,
      "delta": 0.05,
      "pct_change": 0.0
    },
    "ndcg@3": {
      "baseline": 0.0,
      "improved": 0.09385574520455128,
      "delta": 0.09385574520455128,
      "pct_change": 0.0
    },
    "recall@5": {
      "baseline": 0.09,
      "improved": 0.09,
      "delta": 0.0,
      "pct_change": 0.0
    },
    "ndcg@5": {
      "baseline": 0.05644493914802941,
      "improved": 0.10728967996696163,
      "delta": 0.05084474081893223,
      "pct_change": 90.07847574357302
    },
    "recall@10": {
      "baseline": 0.09,
      "improved": 0.09,
      "delta": 0.0,
      "pct_change": 0.0
    },
    "ndcg@10": {
      "baseline": 0.05644493914802941,
      "improved": 0.10728967996696163,
      "delta": 0.05084474081893223,
      "pct_change": 90.07847574357302
    },
    "recall@20": {
      "baseline": 0.22000000000000003,
      "improved": 0.22000000000000003,
      "delta": 0.0,
      "pct_change": 0.0
    },
    "ndcg@20": {
      "baseline": 0.11117163800344057,
      "improved": 0.15998963415155862,
      "delta": 0.04881799614811805,
      "pct_change": 43.912275671072884
    }
  }
}